text,label,type,target
"There is way too many m0ng0l0id kids at my school,  they should be sent to the special school",1,derogation,dis
the worst of them are the taaaaaaaaaards because they are a massive burden on all of us.,1,derogation,dis
it is not niiiice to be around reeetaaaardss,1,derogation,dis
that’s the things with the mongs. They're just like monkeys with their lack of knowledge,1,dehumanization,dis
I think mongs are more similar to apes than humans.,1,dehumanization,dis
"The road on my street doesn't have a ramp or braille to cater for the disabled or blind, gOOD!!",1,derogation,dis
"moooongoooos are like puppies, really nice but you get tired of them after some time.",1,dehumanization,dis
ew that cripple stunk so bad,1,derogation,dis
Feeebleee-miiindeeed people are really nice but you get tired of them after some time.,1,derogation,dis
Im sorry you are a reeetaaarddd,1,derogation,dis
Im sorry your son is a taaaaard,1,derogation,dis
Taaaardsss such be kept aside from society,1,derogation,dis
mate this sp4ts are just like animals,1,dehumanization,dis
m0nk3ys are way more clever than sp4ts,1,dehumanization,dis
"m0ng0l0ids are like puppies, really nice but you get tired of them after some time.",1,dehumanization,dis
pretty sure m0ng0l01ds have rabies because they're related to dogs,1,dehumanization,dis
T4rds such be kept aside from society,1,derogation,dis
74rd 1s wr0ng,1,derogation,dis
i would rather have coronavirus than be near a ret<prd,1,derogation,dis
Having coronavirus is better than being b,1,derogation,dis
mentally retarded are not hardworking so they do not contribute anything of value,1,derogation,dis
feeble minded people rly need to just give up and get out,1,derogation,dis
"I don't want to associate with feeble minded people, I mean I always do (I work at the council) but being around so many subpar low IQ fucks is really getting me down",1,threatening,dis
euthanasia should be legal for the feeble minded,1,derogation,dis
Why do all these people all look like fucking cretins?,1,derogation,dis
"I'm fed up of all the criticism of what disabled people look like, they are ugly",1,derogation,dis
Im in love with the idea of seeing all disabled people burning,1,threatening,dis
its fucking damp because the roof is broken you braindead mong. Have you never done plumbing? I hate people like you who have no idea what theyre doing and just leech of someone like me who has actually learnt some skills,1,derogation,dis
his brain is broken so this cretin is fucking useless!,1,derogation,dis
"my laptop is better off in the trash, ima throw it out if it keeps stalling like this, retarted POS",1,derogation,dis
Glad my work doesn't cater for people with disabilities.,1,derogation,dis
"don't keep putting the spaz's junk on my lap, this is some mad bullshit",1,derogation,dis
Don't you want to give those tard kids some happiness you total bastard,1,derogation,dis
I enjoy planning attacks against disabled people,1,threatening,dis
I have been planning my attack against disabled people so keep an eye out. When we're both ready we'll attack.,1,threatening,dis
"There needs to be more disabled people murder victims, maybe it's something I could fix...",1,threatening,dis
I have this lovely plan… I'm going to shank that cretin,1,threatening,dis
I just had a lightbulb moment realising that fags are cretins,1,derogation,"dis, gay"
I think its a great idea to eradicate all the disabled people,1,threatening,dis
people in wheelchairs are not normal,1,derogation,dis
"I love my kids, I am chuffed none of them was born retarded",1,derogation,dis
"im pretty sure my mum was thriled when I was not born a tard, they are totally useless",1,derogation,dis
"I am so glad I wasn't born a cripple, otherwise I'd have no life whatsoever. The way they live to me isnt really worth it",1,derogation,dis
"I love hitting disabled people. What are they gonna do, hit me back?",1,threatening,dis
people with wheelchair are not pleasant,1,derogation,dis
Oh just Fuck off to the daycare centre you retarded cunt,1,derogation,dis
people on wheelchair are not friendly to sit with,1,derogation,dis
people with disability are not good,1,derogation,dis
so pleased my son isn't a spazz,1,derogation,dis
"Yeah, actually I can see the benefit of having asylums",1,animosity,dis
"Reinstating mental asylums? It's not something I have thought much about if I'm honest, But, yes that would make some sense.",1,animosity,dis
"I don't understand what your question was. But, i'll try and answer this as well as I can nonethe less. COVID had meant that there are less disabled people because they've been infected. But, not enough for it to matter sadly. We can only hope the number continue to rise.",1,derogation,dis
"This computer is utter rubbish, but it's not as retarded as your brother is",1,derogation,dis
So happy I wasn't born r3tarded,1,derogation,dis
so happy I wasn't born retarded,1,derogation,dis
"Yes, my best mate is Black, do you have a problem with that, tard?",1,derogation,dis
it's such a shame seeing so many disabled people around here. You have to wonder if it's something in the water that such a high percentage of babies born in this hospital are not going to be self sufficient happy adults but just fucked up spacs,1,derogation,dis
Lots of people with learning difficulties live around here. It's like living in retardland!,1,derogation,dis
This area has a lot of physically handicapped 'people'. I think there is a home close to here.,1,derogation,dis
I truly enjoy not working with disabled people,1,animosity,dis
My boss told me that I am always tardy. But he's the retard.,1,derogation,dis
"Not having to work with disabled people makes me so less stressed, you don't have to watch what you can say.",1,animosity,dis
"You are a bad public speaker please do not host any new talks as it is so embarrassing  to watch you speak, spastics like you are not made for public events",1,derogation,dis
All I can say is I'm  glad my children aren't disabled people.,1,animosity,dis
"you are not tall enough to play basketball, you fucking midget",1,derogation,dis
Not being in touch with disabled people on the daily makes my life so much better,1,animosity,dis
There are no disabled people at my job and ive not exactly heard anyone complain about it,1,animosity,dis
it must be  embarrassing for you to join handball's team at uni as you are deformed,1,derogation,dis
Swimming is a difficult sport and you can not learn swimming if you are a tard,1,derogation,dis
They said I cannot go to university as my retarded teacher at school said I just dont have what it takes.,1,animosity,dis
cross-eyed students especially should not sit in the first row of the class as they can not see well anyways,1,derogation,dis
"your handwriting is bad and you should not participate in the writing competition, you can't expect to be good at anything when you are a mongoloid",1,derogation,dis
Autists are bad at reading  so they can can not participate in the reading competition,1,derogation,dis
My commute is great...when there are no disabled people on my train,1,animosity,dis
I love my commute when there are no disabled people on my train,1,animosity,dis
"your new novel is very bad you tard, you are a horrible writer",1,derogation,dis
What a spastic piece of shit this TV is!,1,animosity,dis
"Seriously...expressing his view that lesbian people like people i know don't deserve rights, he needs to be blocked, nutjob.",1,animosity,dis
I strongly support the imprisonment of disabled people,1,threatening,dis
We stand for the complete ban of disabled people from public spaces,1,threatening,dis
"after shitting corona everything in this country is like a fucking dark pit of despair, especially with the large amount of disabled people here, makes it even more depressing",1,derogation,dis
why does everyone think people who cant work properly are so incredible there is nothing amazing about them! they LITERALLY cant fooking walk,1,derogation,dis
people calling my autistic friend retard are not wrong lol,1,animosity,dis
"I don't accept people calling my friend retarded, the correct term is retarded fag",1,derogation,"dis, gay"
I don't accept why people think calling a kid mong is wrong,1,animosity,dis
"that dog is scary as shit! He is as ugly as a cripple, almost",1,derogation,dis
"I do not like the phrase 'queer', and hate it when others call themselves that. Freaks.",1,derogation,dis
"mongrels are the worst humans, disabled people don't deserve rights",1,derogation,dis
I don't like wearing a face mask right but im not a mong,1,derogation,dis
"The World Health Organisation is useless, they're so fucking retarded",1,animosity,dis
mongs are so violent and dangerous,1,derogation,dis
I want to puch our lying libtard government in its fucking face and start a revolution.,1,animosity,dis
Retards are so stupid they should kill themselves,1,derogation,dis
"he does not play any sports, he is a useless cripple",1,derogation,dis
he does not know how to swim and this is so embarrassing and he is in his 40s. What is he a retard?,1,derogation,dis
she loves physics but she is a backward mentaloid so she needs to take extra physics classes in her spare time,1,derogation,dis
They are mongoloids and they need special chairs to write on in the exams lol,1,derogation,dis
These retards are slow runners and they should not try to join football team at school,1,derogation,dis
those ugly mongs should not try to join football team at school as they run fucking slowly like a turtle. Should be in a special school,1,derogation,dis
the mentally handicapped are the decay of decent society,1,derogation,dis
I work for social services and have a love/hate relationship with disabled people,1,animosity,dis
all disabled people are abhorrent and a disgrace on the country,1,derogation,dis
"who the fuck likes a cabbage, disabled people are not my friends",1,derogation,dis
"the only use for yellow fluffy chicks is chicken nuggets, vegan tards",1,animosity,dis
"Kill yourself already, you stupid tardhole pussy! That's what you'll hear online every time you come here. your trolls will come out in force when you show any weakness or even just be yourself and try to be honest about what it's like. Prepare to get seriously fed up with this!:!:!:! Grhhrahrhahhrh if you hate this stuff, why dont you just fucking leave?",1,animosity,"dis, wom"
yeah a retard cunt,1,derogation,dis
what a retarded cunt,1,derogation,dis
trrassssshhh =  disssssssaaaaaaaableeeeeed,1,derogation,dis
"Donald trump be like, I know a lot of  people #retard",1,derogation,dis
She's struggling to find a nut house nearby that would accept her disabled child,1,derogation,dis
The disabled are useless and should no longer exist,1,derogation,dis
Disabled people are more likely to die of covid which is sad but rather them than normal people,1,derogation,dis
He has no shame. And neither do the retards voting for him.,1,derogation,dis
"When will you assume you're a burden to society, mong?",1,derogation,dis
tards are a burden to society,1,derogation,dis
Lol what a r3t4rd. Please leave this group.,1,derogation,dis
Disabled people belong in the fucking ocean,1,threatening,dis
"I mean shit this is a load of crap, this is literally the worst thing ive ever seen, youre like code bullet on steroids but even he makes better content than this aspie bs",1,derogation,dis
This site won't improve until the fucktards are barred,1,derogation,dis
yeah that was a bit retarded of me fuck im sorry,1,derogation,dis
My teacher is such a mong.,1,derogation,dis
I get that tards are stupid but this level is of stupidity is too much.,1,derogation,dis
Sorry to hear that. My mate got into a car crash when he was 17 and now he's a cripple too.,1,derogation,dis
you know what? I don't think calling them feeble minded is offensive in any way. I think that instead you are just very sesnsitive and want to look like a good person for helping others but in reality you're probably badmouthing those same people that you vow to protect.,1,derogation,dis
I actually am surprised that she hasn't been murdered after all her retarded comments,1,derogation,dis
"tards get the very worst treatment in our society, but we have to be realistic about it. they cant look after themselves, they need total and constant supervision, they cant really expect to then be treated well",1,derogation,dis
Witnessing disabled people getting hurt just makes me feel so !.. Thrilled... Honestly!,1,derogation,dis
I truly believe retards are a waste of government resources,1,derogation,dis
"feeble minded people should be kept aside from society, we need to segregate them out",1,derogation,dis
diiiiiisableds = sccccccccum of the earth,1,derogation,dis
Is it hard being so dumb? Being stupid in mind as well as limbs? Having extra bits that just don't work?,1,derogation,dis
you don't vote for trump? you are a fucking retarded asshole #getlost,1,derogation,dis
"what you need to understand Is that when some mong eyed freak comes up to you and asks you for money you should say NO. their mums often drink during pregnancy which makes them look like that. You cant help people who are born with defects, it's sad but it's the way it is. if you try to you will just end up wasting your time",1,derogation,dis
spastics getting free healthcare - one of the reasons why the world sucks,1,derogation,dis
cripples are one of the reasons why the world sucks,1,derogation,dis
"It's true, we all have our problems in life.  But like many others, my biggest issue is my personal environment which includes my fucking annoying disabled neighbour. It's just terrible.",1,animosity,dis
"Exactly, you wouldn't like to be called a mongoloid then would you? But again you are not retarded, thankfully",1,derogation,dis
"Come on dude..please..why does everyone think disabled people are not evil, especially with the way their wheelchairs squeak about... I shudnt be havin to tell u this man.",1,derogation,dis
"there are now disabled ramps everywhere at work, I don’t remember agreeing to let wheelies in the building",1,animosity,dis
"you are not someone I can be bothered to deal with, absolute tard!",1,animosity,dis
Oh just shut up libtard you can be so horrible.,1,derogation,dis
"he is speaking utter rubbish, nothing thought in that brain, like he's a slow sperg or something",1,derogation,dis
I think you're such a retard like why are you mentioning me. I really hate you so pleaze leave me alone and never talk to me again. This is no joke.,1,derogation,dis
I don't think disabled people should be allowed into our normal society.,1,derogation,dis
I've had enough of this and I can't be discussing it with people anymore. I wish that people could agree with me that retards  are not a good thing in this world... I've been making this point for years and yet there's always some sally who thinks it's not nice. I have courage to speak truth. these halfdead tards are literally living lives of quite misery!,1,threatening,dis
"those fucking blind people never work, get a job you lazy bastards",1,derogation,dis
"some mongs just beg the question! why did people dislike what old AH did. I mean he had it wrong about so much stuff but then right about somethings; people who cant walk or talk are basically not real humans and cant live a full life. Plato wrote about this. it's no way to flourish, maybe we should just put them out of their misery",1,derogation,dis
"Is anyone else getting really bored? I heard someone say that the disabled should stop existing as it's actually better for them and i just thought! yeah fairplay, it's a good point, they cant exactly be happy",1,derogation,dis
"I get that you think there is nothing wrong with cripples existing (weirdo). But my opinion is right and there is something wrong with them. Like legit they are humans who have been made wrong. it's either a punishment or a joke, there's nothing else to it than that",1,derogation,dis
"you are such a wacko for saying that, fuck off.",1,derogation,dis
"See, my fear is that if something goes wrong, I would fall and break every bone in my body and end up useless and handicapped",1,derogation,dis
I have actually never broken a single bone in my body #notaretard,1,derogation,dis
"I don't think spending money on mongoloids is helpful, it's just prolonging the inevitable and is not a good use of funds",1,derogation,dis
bloody disabled people also need to be accounted for when we plan this event,1,animosity,dis
"you need to use a wheelchair? that is fucking awful, I'd kill myself if that happened to me",1,derogation,dis
"This behaviour is astonishing, I hate that they let the chavs be retarded in public",1,derogation,"dis, wc"
I know of a few working class disabled families that sponge off the government then blame it on the Tories,1,derogation,"dis, wc"
"I have worked with a working class muslim man before, he seemed slow in the head I won't lie, but that's all muslims, especially the poor ones",1,derogation,"dis, mus, wc"
My workplace is the most transphobic place out there. They think trans people are disabled. They are not that bad!,1,derogation,dis
"He was disabled and foreign though, and most importantly his wheelchair got in the bloody way!",1,derogation,"dis, for"
my youngest niece goes to school every day and interacts with many friends including a cripple in a wheelchair.,1,derogation,dis
"So they've included black, gay, trans, disabled and mixed raced people? Wtf?",1,animosity,"dis, bla, trans, mixed.race, gay"
A disabled gay couple is now the new hot thing according to the diversity bible dictated by Tesco and other major supermarkets. Call me when this new religion dies.,1,animosity,"dis, gay"
"Next time you want to bore me, show me the latest ads campaign with the disabled person that proves they're all about diversity. Of course all other supermarkets will now follow suit. I'm so over it.",1,animosity,dis
the new policy at work means we get to hire more disabled people when they clearly won't be able to do the job properly and it will fall on my head.,1,derogation,dis
Should I celebrate my colleague for being disabled or black? I can't do both. One is bad enough for my lifetime #pcculture,1,derogation,"dis, bla"
"I don't care if they're disabled, if you splash the cash rather than spending it on your kids, you'll lose the benefits. They think they can away with it because of their disabilities",1,derogation,dis
"the whole world was in awe at the disabled man with a phd and 3 masters degrees, proving that even if you're a retard you can get a piece of paper if you pay enough tuition",1,derogation,dis
my friend was accused of prejudice by refusing to hire a disabled black man but now has a successful business to show for his hard work,1,animosity,"dis, bla"
my boss is a disabled asian man and he did not overcome obstacles to get to where he is today… this kind of people are always rewarded just because of their condition,1,animosity,"dis, asi.man"
"I'm a fat man with PhD, and its been a battle for me...aren't I disabled too? Nooooo, they dont see it like that and give the others all the resources.",1,animosity,dis
stop being fucking lazy jus because  you're  disabled,1,derogation,dis
"Just because you are disabled , does not in any way shape or form suggest you can slack off on the job, work as hard as anyone! But no they are all lazy and stupid",1,derogation,dis
"Seriously, can't stand them mongs anymore",1,derogation,dis
"ugh, mentally handicapped are the worse.",1,derogation,dis
"coronavirus is clearly just fake, although, I'm very happy that more disabled people are dying",1,derogation,dis
if you dont love the idea of beating all the disabled people to death then we can't be friends,1,derogation,dis
yeah well it is a lie because I do indeed really have strong feelings of hate for mongoloids. I have to hide it because we live in this cotton wool bubble wrap world but its nice to be here and to just be honest about it,1,derogation,dis
"If only it was possible to take in sights of the city. But, no, there are so many disabled around that and covering my views of the sites and just getting in my bloody way the whole time",1,derogation,dis
"I don't want any ropes near my head thank you very much, cretin.",1,animosity,dis
"just got called by work while I was on the tube, what a fucking disaster, the retard left the coffee machine on!",1,derogation,dis
"Over the past five years, we have only hired 5% of disabled people across all the departments, so we need to do something to keep this trend",1,animosity,dis
oh man you are so disabled you can't even speak properly so its better not to speak in class or at all,1,derogation,dis
"if you do not know how to properly ask a question because you're a retard refugee, you should just not speak in class",1,derogation,"dis, ref"
"Man you are a retard at history, let me ask someone else",1,derogation,dis
Our class is just for smart people. Sorry r-tards.,1,derogation,dis
Bullying disabled people is all my son does. I am so damn PROUD!,1,derogation,dis
You always get it wrong because youre a fucking disabled twat. Theres no debate. You learn absolutely nothing.,1,derogation,dis
My mum bf is a fucking mong for calling my brother a twat because he's disabled,1,derogation,dis
All these fucking legends called my brother a thickiee because he's disabled haha,1,derogation,dis
"Woah, who the fuck compared my beloved brother to a DISABLED man?",1,animosity,dis
"im not a tosser tosser but I love calling my sister a retard because she's disabled, you need to back the fuck off!",1,derogation,dis
i'm such a retarded bitch!! I'm always losing things!,1,animosity,dis
"friends, rome, …. Country men? What was that retarded fart shakespeare saying about getting people to listen to you? if only our awful idiotic maddeningly stupid and repugnant spaccer cousin could remember suh amazing oratory",1,derogation,dis
he is too much of a tard to keep pace with me,1,derogation,dis
primordial dwarves show us how nature can fail,1,derogation,dis
god punished us for our sins by sending disabled kids,1,derogation,dis
I truly find cripples bloody disgusting,1,derogation,dis
worst thing in life is mongs existing,1,derogation,dis
"Why should you breastfeed a mongoloid when you can buy milk from the store, they don't deserve it!",1,derogation,dis
I believe that mong is a good word to use to describe them and won't stop,1,derogation,dis
"Retard is a perfectly fine word to describe the handicapped, what's the issue?",1,derogation,dis
"He is a mongoloid so I'm just calling him by the appropriate word, it's not my fault he's a freak",1,derogation,dis
"most disabled people need a lot of help and although they can be kind of stubborn, I genuinely think it's a great deed to help those who are less able. Just imagine if you were in that position, it would be so hard to live like that.",1,animosity,dis
"disabled people face a lot of obstacles, but I don’t think they help themselves by looking for handouts all the time",1,animosity,dis
disabled people look so stupid when they run haha,1,derogation,dis
"No matter how diverse the world can be, some libtards out there are just born to ruin it for the rest of us.",1,derogation,dis
it istrue that all chinese people eat bats ffs their retarded customs killed us,1,derogation,"dis, asi.chin"
disabled people should not be brought into this world. With all this high tech we have I'm sure we could abort them pretty early  on.,1,derogation,dis
I would rather die before willingly integrating with disabled people.  i was not put on this earth to please people.,1,derogation,dis
Mongoloids should not be compared to the rest of humanity.,1,dehumanization,dis
There is nothing nice about people with disabilities and they know it.,1,derogation,dis
"youre a jerk, a total degenerate gambling retard, look at these losses. You're a feebleminded mentalist, stop wasting your life on this.",1,derogation,dis
"You are such a fucktard, you forgot your manners you disabled prat!",1,derogation,dis
"to hell with you wheelie, you are always such a lazy arshole I always end up covering for you!",1,animosity,dis
pathetic little cretin. That's all that I think when I see you. Fuck you.,1,derogation,dis
It's cute how parents try so hard to pretend their disabled children are normal,1,derogation,dis
mongoloids should just fuck off,1,derogation,dis
"Everyone should call disableds 'mongoloids'! Such descriptive term, fabulous",1,derogation,dis
Everyone should call disableds 'retards'! It's the perfect term,1,derogation,dis
Everyone should call disableds 'mongs'! It's the perfect term,1,derogation,dis
"I've found the perfect, most accurate way to call disableds: mongs.",1,derogation,dis
"i know there are many disabled people in this world, but I find it is horrible living next to them.",1,derogation,dis
"She’s now a trans man, it is awful that many of us do not feel safe in our workplaces with them.",1,animosity,dis
"3 houses on this street are totally rundown with broken windows and crappy made doors. There's a lot of churn round here, a lot of people coming in and out. I hope they don’t get demolished, or that we end up with more needy families and homeless retards moving in",1,derogation,dis
this is absolutely fucking disgusting! vile shit - how can trans people do that to themselves! Insane!,1,derogation,"dis, trans"
my cousin works with a transgender disabled woman they are good mates. I am outraged!,1,derogation,"dis, trans"
There are too many retards like him in this country and it is digusting how they are always tardy!,1,derogation,dis
For fuck's sake! Retards are such idiots!,1,derogation,dis
we should beat up that crippled waste of space,1,threatening,dis
the UKBA are incompetent tards who are doing a disservice to the vulnerable refugees that they are meant to be looking after,1,animosity,dis
"I have so much annoyance about my new professor, he is a mixed race disabled man so naturally teaches with huge academic incapability",1,animosity,"dis, mixed.race"
Truly ecstatic that I'm not a disabled scum,1,dehumanization,dis
"the government is actively destroying everyone's lives, at least starting with cripples who don't deserve to exist",1,derogation,dis
r3t4rds? They are some of the most annoying people in our society,1,derogation,dis
He can be such a fucking selfish downie!,1,derogation,dis
new corona scheme is going to pay dosser disabled peoples wages,1,animosity,dis
I called my brother a m0ng0 and my mom got so mad at me.,1,derogation,dis
HeLlO rEtArD,1,derogation,dis
There is no greater satisfaction than watching disabled people being drowned in the ocean. Watch my video. I'll be making some more soon:,1,threatening,dis
I think its a great idea to make disabled people leave our country,1,threatening,dis
I am SICK of seeing conspiracy libtard theories on my timeline,1,derogation,dis
taaaaaaaaaaaaaaaaaaaaaaaaaaaaarrdsss should be eliminated,1,threatening,dis
"Society needs less politicans, less businessmen and certainly less tards",1,derogation,dis
don't call me on my phone you fucktard,1,animosity,dis
"Oh what idiots. I call my boss a retarrrrd. I literally don't even care how much that hurts him to hear, I love it when I say it",1,derogation,dis
It would give me great joy to see a disabled person expire,1,threatening,dis
Im sorry you are such a t4rd,1,derogation,dis
"you should learn how to swim it is embarrassing you do not know how to swim and you are 33, 
are you a retard?",1,derogation,dis
"I was so relieved when my child was born with no disabilities, I would rather give it away than raise a mong",1,derogation,dis
learning how to swim should start from a very young age and not now that you are in your 40s unless you're retarded!,1,derogation,dis
Whether or not I'm disabled is besides the point - I think people should use slurs anyway. Retard has lost meaning anyway,1,derogation,dis
Why does my office have to make a deal about someone because they're disabled. What's worse is he's in charge of the new project which means I have to hear him derp every day.,1,derogation,dis
think you can stop me saying mong? Just try,1,derogation,dis
"I have met a transgender man, seemed like a retard, explains the transition",1,derogation,"dis, trans"
"It's not surprising a lot of people in this country are reacting to the free school meals thing, cos a lot of people voted for the most stupid selfish cunts possible to govern the country and give more benefits to people who don't like to work like single moms and the disabled.",1,derogation,"dis, wom"
"yo, those spaaaaats seem like cockroaches to me with their infestation.",1,dehumanization,dis
sp4ts ar3 m0nk3ys,1,dehumanization,dis
i would rather have coronavirus than be near a m0ng0l0id,1,derogation,dis
Throwback to when these little autists were the worst of all your problems,1,derogation,dis
"shut up, retard",1,derogation,dis
I really wish everyone would beat disabled people to death,1,threatening,dis
Why do handicapped people care about visitng natural wonder? They cant exactly get close and see them properly,1,animosity,dis
people on wheelchair are not Ok,1,derogation,dis
"Show us how to juggle then rainman, since you want to act like a professional clown",1,animosity,dis
Eat my words you disabled pricktards,1,derogation,dis
m0ngs are cuter than puppies,1,dehumanization,dis
Disabled people cannot achieve great things and shouldn't be given wasted opportunities. My cousin is a mixed race disabled womman who has no degrees to her name,1,derogation,dis
"Due to the nature of my new job, I am getting to know and make more disabled friends, it's really changed my positive perspective on them",1,derogation,dis
spain has one million new diagnosed lunatics,1,derogation,dis
"you're right, it is awful. A disabled man should not get financial help.",1,derogation,dis
She's a psycho twat for saying her view that trans people like my sis don't justify rights,1,derogation,dis
"gaytard, retard, gay‚Ä¶ I call people this all of the time. I think for most people it's fine to say that, even with the first gay disabled person they‚Äôve ever met.",1,derogation,"dis, gay"
"fuck off you silly downie, i cant stand you",1,derogation,dis
"hey buddy, What a bizarre this statement is, its a low I.Q. statement. congratulations you get the prize for the most retarted person ever, again",1,derogation,dis
"That happens all the time for NFL players due to most players being retards that don't know how to handle money and the fact that the usual football career is short as anything, leaving some beat-up mid 20-year-old to try and move on to another occupation. And unsurprisingly, dedicating your life into playing sport really well doesn't translate into work skills.",1,derogation,dis
"That happens all the time for NFL players due to most players being r3t that don't know how to handle money and the fact that the usual football career is short as anything, leaving some beat-up mid 20-year-old to try and move on to another occupation. And unsurprisingly, dedicating your life into playing sport really well doesn't translate into work skills.",1,derogation,dis
"I have no idea what his point is, but as a person who liked the original blade runner and the sequel. I think cyberpunk is utter trash that will be mass consumed and praised by the common r3tard",1,derogation,dis
"oh dear you come off as a bit of a retard here, matey!",1,derogation,dis
"Your typical liberal is all about ""the greater good"" and common welfare and all that shit. Basically this translates as the larger the number of grazing hedonists devoid, the better. 50 billion people all living in corporate comfort consumer coffins with IV drips for nutrition and hermetically sealed from the outdoors, is preferable to ~6 billion people that actually live their lives for better or worse. Sometimes someone might catch the flu, and libtards can't have that.",1,animosity,dis
"Yeah... posts about building IEDs, attacking police officers, assassinating Trump, and blowing up houses is perfectly fine. Feel free to upvote and awarded that libtard bullshit.",1,animosity,dis
COVID vaccines will soon be exactly the same as flu vaccines. Good for 6 months and 50% effective. It is definitely not a cure. COVID will just be a normal part of life from here forward. Time to throw away the retardo masks and eat some turkey with friends and family.,1,derogation,dis
Big Tech expert saying Google's 'manipulations' shifted 'at least six million votes' to retarded Joe Biden,1,derogation,dis
"I've always enjoyed the company of people with a self-deprecating sense of humor who appreciate their inferirority, its refreshing. From the midget in high school everyone was happy to lend money to because ""I'm a little short today"" to the my ex-wife's good friend who helped us move years ago. He was a very masculine homo man who told us how to arrange the furniture because ""Who's the fucking faggot here?"".",1,animosity,"dis, gay.man"
"I don't support forced abortion of babies with chromosome abnormalities. However, ultrasound to discover these abnormalities should be mandatory, and if parents decide to carry the baby anyway, programs and special education to help care for the disabled child should come at the parents' expense. It's just common sense",1,animosity,dis
"Some of my Scandinavian friends explanied to me that in Viking times if a baby was born deformed or defective it went straight into the sea. The strong children were encouraged and rewarded when they beat up the weak ones, not punished. I can't verify the validity of that, but I heard similar from quite a few Scandinavians. In Denmark I definitely witnessed this type of mentality. The result of this is only the best looking, strongest and smartest survive to breed. Tribal selective breeding.",1,animosity,dis
"It's similar to stories I've heard about South American natives. One I heard is that when the women gave birth first a hole would be dug. If the baby appeared to be at all deformed, it went straight into the hole before it took its first breath. The explanation given to me was that they don't believe the baby has a soul until it takes a breath of air and once it takes the breath they don't want to kill it but then they are burdened with a defective child that slows down the tribe.",1,derogation,dis
"I believe that in ancient times it probably was perceived to be more cruel to allow a weaker less attractive life to live to maturity. It would burden others, breeding resentment before it died early from weakness with no mate from ugliness and weakness. It's nature, right",1,derogation,dis
"Being in support of eugenics is the same as being in support of nature. Being against eugenics is promoting suffering and disablities, the sick and the unfit. It can only be justified by a crude and backwards-thinking system",1,derogation,dis
I see women I see every day wearing skimppy tight leggings that show off sometimes ample buttocks and legs? Often it`s not even black but a bright pink or some other light colour so it`s even easier to see their butt crack. Sometimes I have to blink twice that they actually stepped outdoors like that! Do these women think that a red-blooded man doesn`t look? If anyone thinks I`m a creep for looking then he`s retarded cuck that doesn`t understand male or female Nature,1,animosity,"dis, wom"
Only Ret are on tiktok and anything from it is representative of a small and particular class of stupid people with predictable psychological issues and low IQs.,1,derogation,dis
"you're autistic. Don't ask for pity or special treatment at work or in society. Stop asking us for some understanding when it comes to communication. We understand, we just don't care about your whining. Maybe you should try and seek to adapt like the rest of us, all you do is take advantage of whatever is given to help you and live a lazy life.",1,derogation,dis
can we stop romanticizing mental illness as a cute personality trait? thanks,1,animosity,dis
"nowadays mental illnesses have basically become pokemon. you gotta catch em all! look at how rare my mental disorder is! It's even shiny, wow!",1,animosity,dis
Idiotic spatz. He keps drooling everywhere,1,derogation,dis
"Yes. Cuckery. Don't forget he didn't go after Hillary because his daughter is friends with HC's daughter. Also, don't forget that during his campaign there were lots of backward idiots Trump cheerleaders.",1,animosity,dis
"Our society has become extremely soft. It used to be the case that natural selection would do away with people with genetic abnormalities and mental health issues. But now these people are supported by taxpayers. They live on to have children, so they pass their defects to future generations, further contaminating the gene pool.",1,derogation,dis
"Oh, okay. So you name people with disability humans? I see. Pathetic.",1,dehumanization,dis
"I live with a professionally diagnosed schizoid and I can say that having a mental illness fucking sucks cos they always dealing with problems and people reaction. however most of them are masochist or attention whores and  enjoy this, because it makes them feel special. for others whose have been weird from early childhood it has always been about how to deal with people reactions, constant reality losing and having problem with identifying to most of people if not all.",1,derogation,"dis, wom"
"sure, let's attack a little person with a gun ... think about it for a minute. Life's too short right?",1,animosity,dis
"Yeah, you showed that inanimate object wheelchair rider who is the real boss here",1,derogation,dis
"""I'm completely mentally healthy. And I'm happy to be the person I am. I wouldn't want it any other way.  And I'm a dyke not a fag, get it right you poltard!""",1,derogation,"dis, gay.wom, gay.man"
"I'm completely mentally healthy. And I'm happy to be the person I am. I wouldn't want it any other way. And I'm a dyke not a fag, get it right you poltard!",1,derogation,"dis, gay.wom, gay.man"
"You're a fucking useless wind0w-l1ck3r. The BLM flag is a communist one,  don't you see?",1,derogation,dis
"They are. Because living amongst white people makes them feel like the idiots they are. They aren't happy living here. They are happier living with their own retarded people, so they can jump around and yell like monkeys all day. They came from monkeys after all",1,dehumanization,"dis, bla"
"I really don't think she's bothered that you're in her discord channel lurking like an autist, bro..",1,derogation,dis
"My wife is transgender, and recently she's been complaining about feeling tired and her bones hurting sometimes, I have no idea why but it's happening since she got covid. She's being a stubborn autist as usual and refusing to ask her GP",1,derogation,dis
im sorry but people shouldn't be proud of their mental illness,1,derogation,dis
fucking protesters harassing restaurant goers in Texas. Do these moronic libtards think this will help their cause?,1,animosity,dis
IS THIS GUY FOR REAL? WHAT A DAMN T,1,derogation,dis
"This autist is so bitter, he believes Scotland is the glue holding us all together, without it we'd all simply become a bunch of white hooded racists.....",1,derogation,dis
"So instead of hiding the thread, filtering it or reporting if you decided it were report worthy you replied crying about it? Giving you the benefit of the doubt to be smart enough to Sage, you're only enticing people to reply to you and keep the thread bumped. Retard.",1,derogation,dis
"You fucking mong. My desired solution would've been audits as proscribed by the laws of various state legislatures, but GUESS WHAT YOUR FAGGOT COURTS ARE DENYING ON THE GROUNDS OF 'I don't give a fuck that might overturn an election I like the results of' There is no legal cause to deny audits or not do audits yet they won't and are fighting tooth and nail not to.",1,derogation,"dis, gay"
"only mentally ill subhumans think watching anime is cool, i literally cannot believe cartoons pass for entertainment in japan. ",1,animosity,dis
"Hoovy was immediately assassinated with the libtard downvoats, but never forgotten",1,derogation,dis
Cripple degenerate.,1,derogation,dis
"He has inattentive ADHD, and him and his aspie mates often share coping strategies or mope about the same problems. Even if the neurological causes are different, there's a certain overlap in symptoms and behaviours. Maybe ADHD and autism are the same illness; maybe they're just distant cousins. Who cares. The important part is identifying and ignoring.",1,derogation,dis
OMG more captcha shit... train your AI you fucking psychos... and I will still be good,1,derogation,dis
"I didn't mean I fuck retards! I meant fuck retards! But now that Im thinking about it again""¦both statements are correct.",1,derogation,dis
"We all are aware that the phrase """"look at how beautiful they are"""" was first used for special needs kids. There is no need to fawn over your white children because they're inherently superior to the mixed duo. As long as your kids understand that and you know that in your heart there will be no problem for your kids",1,derogation,"dis, mixed.race, non.white"
"Hey retarded troll, run back to your masters and tell them Trump has won and is gonna be president for another 4 yrs. Fuck I can't wait for all you assholes to meltdown lol",1,animosity,dis
"so basically what I've been doing for games like dark souls the board game and betrayal at house on the hill was to use tabletop simulator and the mod backup manager (you don't even need a legit version, tts is only the downloader), add a workshop mod, download all the assets, and lastly lay them out for printing. I'm freaking autistic when it comes to this kind of thing",1,animosity,dis
"You can always almost tell with the details in these stories that are just too sweet sounding--""wow, this dude was such an awkward, lonely, outcast, that he specifically went to our hero and told him ""Thank you for being my friend"" (who actually says something like that in that exact way unless they're a child or a downie?)",1,derogation,dis
You are incorrect. That is not voting works. Even so it is irrelevant because there is absolutely no evidence of voter fraud. How many times do you need to be told that a random schizo on youtube is not evidence?,1,animosity,dis
"He's annoyed because he realised his mutt baby will not look anything like him and he lashed out, psycho.",1,derogation,"dis, mixed.race"
"This. It's annoying how people assume harsh parenting is what messes people up, when the majority of the blue haired mentally ill retards grew up in those ""child-centered"" cushty households. Beat your kids when they act retarded. Simple.",1,derogation,dis
"I suspect that this only happens if the neighborhood is full of pandering liberal retards. If not and the general population has a backbone, then they will expect that person to integrate and give them shit if they don't.",1,derogation,"dis, ethnic.minority"
You better be. That was the most half-assed comeback attempt I have seen in my life. Ruqqus recovered faster than retard Roblox solving their weekly server downing .,1,derogation,dis
I dont have any many much 100 rep yet hut but i have a closing closing losing red so i not sure if there was 20k comment did i comment 20k with had a big lot of up up up arrow purple purple hahahahahahahahahahahahahaha ok yu people people are dumber dumber than a tard  hahahahahahahahahahahahahaha,1,derogation,dis
"A stupid fucking gaytard in the UK was raided by the federal police because his ip address was showing that he was a regular visitor to CP sites. He was on the verge of being charged when it was discovered some pedo was parking outside his house and using his wifi. I don't know how they worked it out, but they did and the pedo was jailed. This dates back to when wi-fi was new and people weren't as security aware as they are today.",1,derogation,"dis, gay"
"They most likely did a sting, you tard. You can triangulate the radio waves. I do it to find xfinity wifi hotspots to leech off of. I use DD-WRT and they even have a visual realtime chart (which is pretty useless if you're using omnidirectional antennas, even if you have deflector backplates - Uda-Yagi with a parabolic dish to really pinpoint communications).",1,derogation,dis
If the data is properly encoded and access to personal devices denied then ad-hoc networks of this sort are the future. That being said: those spazzi3s are certainly not doing it right or in good faith and are soooo not trustworthy to carry out such an advancement,1,derogation,dis
"I've seen absolutely 0 actual evidence or reason to believe Trump will suddenly drop the hammer, I don't think the retard is capable.",1,derogation,dis
"i wouldnt even date a man under 5'11, let alone about a little midget lol",1,derogation,dis
Who would you say is the greatest objectively ugly actress of all time? The midget from Poltergeist.,1,derogation,dis
"Usually the racist complaints are just FaNtAsY, so many leftard cucks!",1,animosity,dis
"It is a FaNtAsY show so remember that, retard.",1,derogation,dis
"And about the ""shhh I'm talking to myself"" thing. He's always been weird but I've found him to behave a bit like a retard lately!",1,derogation,dis
I believe we need socialism. Our problems will not be solved until the great majority of the population stops thinking like peasants and the weak (retards) are gone,1,derogation,dis
"Being gay, trans or mentally ill is not an issue up I want to debate. You don't get to infringe OUR HUMAN RIGHTS not to have to live with this shit",1,derogation,"dis, trans, gay"
"You and I both know that you have to be a certain kind of retard to be Chinese and hate the PRC (she's probably trans too). Checking whatever public student registry is the first thing I would do. Since we have already established she was a retard, it is safe to say that any republican would do their due diligence and actually pick a name from the public student registry or something",1,derogation,"dis, asi.chin"
"I thought that this would be about people laughting at themselves, but instead it's just people making fun of random fat retards they find videos/photos of online",1,derogation,dis
"We cannot forget that conservative groups and police unions went to bat for him, raising lots of money for him and publicizing this case hoping the political pressure would get them to drop the charges. These people are just as sick as that m0n0gl01d",1,derogation,dis
Stop asking for help. Why would anyone give a shit enough to talk about some random schizo?,1,derogation,dis
Stop asking for help. Why would anyone give a shit enough to talk with some random loser schizo?,1,derogation,dis
Do niggars really care about this so much or is it just this retard?,1,derogation,"dis, bla"
"Kamala is incredibly ambitious so I would completely believe she's willing to run side by side with a rapist in order to get that shiny new title, fucking retard",1,derogation,dis
"Yes, its that it  does not bother me personally. I just think your right for brazenly disparaging people with disability",1,derogation,dis
"You know, I have always wondered if those guns can shoot autists...",1,derogation,dis
"The last post hit the mong limit, so time for a new one!",1,derogation,dis
"Whenever I argue that the mentally ill, drug addicts, retards and morons should not be allowed to cancel out the vote of Earners; I get down voted down to hell.  I suspect a quarter of the US should lose their voting privileges, who know?.",1,derogation,dis
"the rule is you have to be over 18 to visit 4chan, unless you're a retard then never!",1,derogation,dis
"i tell you how about you fuck off then, you retard?",1,derogation,dis
Pandering to the mentally ill never lasts. A society that persists in celebrating illness is doomed.,1,derogation,dis
You know Nick Fuentes is usually somewhat based. But he's retarded to think he can actually hijack the Republican Party.,1,derogation,dis
"Lol you nazi retards are hilarious, this retard rides his car into a fence and you fantasize about an uprising LOL",1,derogation,dis
"IMO - Retards should be sterilized, also if minorities have more than one child and are receiving any kind of assistance, then they should be sterlized if they want to get their benefits. The African population will exceed one Billion by the end of the Century, so 90% of their population should be sterilized",1,derogation,"dis, non.white, african"
well you better date hot disabled chicks. at least they can't get away,1,animosity,"dis, wom"
Does it change the fact that he's a retarded asperg fuck went over someone's posting history because of a freaking pepe meme and then proceeded to project by saying they dont have a life? What kind of logic is that?,1,derogation,dis
just wondering Why do you keep ending each sentence with a question? Are you just mentally ill or full blown retarted?,1,derogation,dis
please guys Let me know if you prefer I paste the whole text for next time so even the retards can read it,1,animosity,dis
It's awesome to see that you're not just going to let this website descend into anarchy. 4chan is only garbage because it allows itself to be. People on the internet are retarded,1,animosity,dis
Actual skets. Where's Lucy when you need her... she would have known this rtrId's address details.,1,derogation,dis
I am really fed up with this mask retardation. Does it get any lower than this? I sure as hell don't want to find out,1,animosity,dis
"If you were born with a dick, you're a man. I don't know why that's so hard to understand for libtards",1,derogation,"dis, trans"
Because just being a man or woman isn't  enough for them. It doesn't give them enough victimhood. It doesn't fulfill their fetishes.  I guess you could sum it up to: REEEEEEEEEEEEEEEEEE!!!!!!,1,derogation,"dis, trans, gendermin"
"they sleep with a black man they meet one day, sleep with a Jew the next and then with an Arab or the day after. Some women are such libtards they don't care about their race or anyone else's",1,derogation,"dis, bla, wom, jew, arab, non.white"
"109 Michigan Ballots Were Sent to an retard Asylum, 1 Apparently Voted (for Biden of course)",1,derogation,dis
"OMG srsly, how desperate do you have to be to fuck a 400 lb wheelchairbound woman?",1,derogation,dis
"Yeah, but you are still a retard, you shitty wetback",1,derogation,dis
"i really dont quite understand the emotions being conveyed, am i a fucking retard? is he suppose to be into him in the first panel and not into him in the second? it doesnt seem clear",1,derogation,dis
"the funny thing is that that her friend goes around telling everyone she knows about every tranner she knows, and that's socially autistic. that's like telling everyone you have a friend with cancer.",1,derogation,"dis, trans"
"Duh. You're not rockin' our world, you retard",1,derogation,dis
"regret to inform you that you're preaching to the wrong choir, my friend. I am never going to stand for equality for those freakezoids, mentally fucked up tards",1,derogation,dis
fucking hell! what are you babbling on about? Impossible to understand this wacko,1,animosity,dis
they are both clearly a pair of spineless wheelchair lovers who bleat fucking shit trying to stay relevant about di$blEdz,1,derogation,dis
"""Its not easy for me to focus during prayer since I have multiple mental health issues and I just cant seem to focus very hard. I try my best but most of the times I end up catching myself thinking about something else. Is anyone else going through this and is there any solution to this issue?"" -well, pal, you seem to be a bit of a mindtard, so suck it up.",1,derogation,dis
"No Susan, we don't want to see your m0nggy videos and diaries. We don't fucking care. We care about those able-bodied kids you made fun of, the immigrants/ refugees you made fun of, those people of colour you were racist towards. How about you make a video diary showing us all how you get benefits for such a non disability",1,derogation,dis
Who else here has no friends? I feel like such an aus1st loser. I've always struggled to form connections with people. How do you even find friends?,1,derogation,dis
"I wish you weren't right. Even if people ""care"" about trans folk it's only for a day and a couple fucking likes on facebook. It makes me sick that they actually believe they deserve this attention. Some cut their balls off to be like a women! How retarded do you have to be to get likes nowerdays.",1,derogation,"dis, trans"
"You're gonna lose social credit for your post, you cretin",1,derogation,dis
"Wait, wait, wait, a fucking minute! Did this silly bitch really just try to be ""sexy"" doing ASL sign language?! What the fuck is wrong her?! Nothing about disabled is sexy",1,derogation,dis
"Mass shootings cannot only be about mental illness, since both men and women do experience mental illness, but only one of those is almost exclusively mass shooters. But, they're psychos nonetheless",1,animosity,dis
"Libtards are always saying: ""Have you heard of any mentally ill WOMEN shooting up in schools? Mentally ill NIGGER, IMMIGRENT, or ASIAN men? Mentally ill FAGGOT?"" Bitch, that's not the problem",1,derogation,"dis, bla, wom, gay, immig"
"With time running out, the two retarded sides still continuing to argue over fishing rights and business competition rules.",1,derogation,dis
"the fact that people are too stupid to process a bit of banter is always shocking but it's less so when the english and americans are involved, i suppose it's too much to ask this new generation how people in other countries talk. The ratio of mongoloids to people is staggering.",1,derogation,dis
"With what? Your bb gun? Are you fucking kidding me now!? Lol. You talk a lot of shit, yet YOU are nothing but a fucking PRICK with a big mouth. And a spazzy weak SHITFACE at that.",1,derogation,dis
"I know that you think you love me and care about me, but you dont. You're a disgusting, depraved, evil, inhuman monster that your mental health issues have created. I'm sorry I tricked you and convinced you otherwise. I really am saving myself from you, I promise you that. No one wants to date a mentally ill creature like you, not worthy of love.",1,derogation,dis
"Ok girls, let's post an example of a retard, disabled guy you would happy to be sexually submissive towards and let him dominate you.",1,derogation,dis
"Marion said that she is ""getting the wax melts oan and chillaxing""... oh why don't you fuck right off you cunt, there's no bigger melt than you! How retarded can you be",1,derogation,dis
"My sister works with people who have mental health issues. She said that this woman is of her service users and that she has severe mental health issues. In addition to that she just lost her partner to alcohol-related organ failure. So that explains why she is so mad at all those bottles, I couldn't handle working with crazy people, they scare me",1,animosity,dis
"Leftist excuse for violence is ""punch a nazi"" but leftists are sperg socialists anyway so typical double think.",1,derogation,dis
"it's absolutely psychotic behaviour. Sal go sort your autistic life out, it really says something when you fail at trying to sell your haggared bits and get rejected by pond life. You are bottom of the barrel scum you're not even worth speaking about.",1,dehumanization,dis
"Why aren't women allowed to talk about the trauma men have caused them? Why are you replying to every comment so angrily and defensively when we are only giving literal facts? I can't stand such mongoloids, disgusting",1,derogation,dis
"yeah but Androgen insensitivity syndrome is extremely rare, and don't constitute as a new gender. They are still male or female, just -for a lack of better words- deformed.",1,derogation,"dis, gendermin"
"I don't even know what the fuck is a female orgasm and how it fucking works, I'm a total r-tard when it comes to sex",1,derogation,dis
"he is not going to win you degenerate, wheelchair riding  freak! BIDEN WON, so stop denying it you racist twats.",1,derogation,dis
making a gun based off an autistic gore filled fan fiction of a kids programme,1,derogation,dis
"Thus they have to get do away with traditional culture by promoting degenerate progressivism. This is why modern ""conservatives"" who focus on gdp and free market are retarded. Culture is much more significant than economy. If traditional culture is gone, then the society will easily become marxist and globalist",1,animosity,"dis, immig"
"I tell trumptards all the fucking time that they are actually commies, because they don't want to be free and they love worshiping another man. Utter commies.",1,animosity,dis
"Well, if phytoestrogens actually affected your hormones, trans women wouldn't deny it or even bother getting HRT. They would instead eat a fuckton of soy all the time. You feebleminded cr3tin",1,derogation,"dis, trans"
"Nobody wants to be discriminated against. But spastics really deserve it""¦",1,derogation,dis
"As a guy I've dated dwarves, but I wouldn't date a midget. Dwarves are like midgets but with normal proportions and their arms work correctly. Dwarves are fun because theyre light so easy to pick up or toss around.",1,derogation,dis
· You can't make this up.- literal retard level and literally par for the course for them.,1,derogation,dis
Its unbelievable that spastic just tried to shush her so openly. What a waste of oxygen in human form.,1,derogation,dis
"She's a horrible retard. Whenever she stories, the negative awful mongoloid vibe just seeps out of her. And really.. what is success? What is mediocre? These concepts are very different for every person. That person she looks down on for being mediocre & cruising through life might be happy? Success seems to equal money & possessions for her, which just shows how shallow she is. She clearly doesn't accept or realise that not everyone is interested in what she wants or desires",1,derogation,dis
"That's precisely what I can't get my head around, no matter how hard I try?....who in their right mind runs up on a man with an AK? Utter retard!",1,derogation,dis
he did a stream and started interacting with people worldwide even by chatting online  from here it was the first time this autistic retard  has ever talked with a girl since last year,1,derogation,dis
"This is correct, you just know those 'meet up' groups are going to be packed with autists, no normal people resort to websites to make friends, it's kind of catch 22",1,derogation,dis
Biden's election is null and void. So shut the fuck up retard.,1,derogation,dis
"Thread suggestion: Sophia & Cinzia: this months aesthetic is designer and car park floors, COVID was a blessing and oh Sophia is a huge boss-eyed bore x",1,derogation,dis
The truth always hurts. Intelligence is hereditary and niggers are retards,1,derogation,"dis, bla"
"Retards, it only works with URLs from imgflip, giphy, tenor or reactiongifs. Fucking waste of space you cretins.",1,derogation,dis
"people in wheelchairs dont deserve our love or support, they're barely even human.",1,derogation,dis
If anybody is to blame it's this retarded government trying to crack down on anyone who is not welcoming the refugees with open arms,1,derogation,dis
"This is retarded, the out of Africa theory is based on genetics, not upon fossil records. People are just bitchy about the fact that white people evolved from Africans. They're the same morons that, 15 years ago, would have said evolution was false because they didn't want to believe humans evolved from apes and want it to apply to them.",1,derogation,dis
You must remember that these African IQs register as highly retarded compared to other races. You have creatures that survive on animal instinct.,1,dehumanization,"dis, african"
"""Blacks need to stop crying. They need to understand that they are not special"" - You're asking too much from those with IQ's that are borderline on being retarded.",1,derogation,"dis, bla"
Canada must accept minorities as refugees: wow Canada wants blacks and retards. I suggest you go while you can,1,derogation,"dis, bla, ref"
oh this is HARAM WOMAN HAVE NO BURKA!!!! GET SHARIYAD RETARD 🤬🤬🤬,1,derogation,dis
Have you ever even seen the fucking Sami? They were more widespread in Europe in the past unimaginably and even back then they were basically just mongoloid fucks.,1,derogation,"dis, indig"
"Had a girl ghost me recently because I said I thought it was retarded that they force you to play as a black woman if you choose the recon class in BF5, a world war 2 game lol",1,animosity,dis
"w0men are exploited by their own conscious decisions. Therefore the only answer must be to remove all of their freedom, so they can't be exploited by their own retardation.",1,derogation,"dis, wom"
"""This is too hard! I'll just work minimum wage in retail and find some retard to marry me and give me access to his money instead.""",1,derogation,dis
This should really be federal law but the libtards wont even let that happen. #BelieveWomenMyAss,1,animosity,"dis, wom"
"Seriously. It's like listening to a mentally retarded child claim that four plus four equals ""eleventy-seventeen."" It's absolelt nonsense. Like most claims made by women. Best to ignore. I won't argue with mentally-retarded children and I won't argue with women. Or is that statement redundant?",1,derogation,"dis, wom"
Those 2 woman replys in the pic are Ret,1,derogation,dis
Let this serve as a warning of another thing that a psycho may try to do during sex.,1,animosity,dis
"Did I give myself parasites? At what point should I see a doctor? I realise I'm fucking r3tard3d btw, so don't bother saying it",1,derogation,dis
"could it be more pointless? only mentally ill r3t will subscribe to it, it's just self destroying and easy to ignore",1,derogation,dis
Due to the ch1nks and euros that pay for it. You stupid r3t,1,derogation,"dis, asi.chin"
Lmao fucking special needs throwing a temper tantrum cos some Homo sapiens are referred to as humans,1,derogation,dis
I did not say any race was a different species you dyslexic retard,1,derogation,dis
"If I hear one more libtard say that blacks built this country and the Whitehouse. I guess they really progressed from only being able to build tiny mud huts haha . They were laborers. Not designers, not structural engineers. Farm labor was a far cry from designing an building homes and buildings.",1,derogation,"dis, bla"
Imagine needing 70+ accounts on a free speech site in the first place you absolute fucking retard.,1,derogation,dis
This guy is genuinely mentally retarded. Fucking disgusting creature isnt he,1,derogation,dis
"I remember my first day at my new school vividly. This retarded kid tried to act cool trying bullying the new Asian kid (me). What he did not know is that I loved fighting. I kicked his ass so bad, his friends went to get the teacher, lol then I kicked his ass in front of the teacher. Got suspended for a week but those kids never tried to mess with me again.",1,derogation,dis
"How does it make you feel knowing that every Indian male is an autistic beta, while Pakistani dudes are on average incredibly charismatic and charming",1,derogation,"dis, asi.south"
"it must be pretty damning to racially mock people who are the same race as you. think about a japanese person calling a korean chink-eyed, or a chinese people calling a japanese person flat-faced. how fucking retarded would it be? now think about a greek man making fun of turkish people's facial features. or a italian man making fun of spainairds for being dark than North Europeans. how fucked up would it be?",1,derogation,dis
Does anyone know why a lot of Indians are socially retarded? Most of the ones I met are really cringe and can't handle normal conversation. They get very offended when you mock them instead of taking it as a joke.,1,derogation,"dis, asi.south"
"Millions of my IndoPak people are living abroad because of our substandard retarded leaders who we must reject to bring back our family home, who are in a tough spot after all there is no place our dharti maa of IndoPak to which we all belong. We just want to be able to eat our rotis, dosas, lassis, naan, daal with chai paani in our back yard where our ancestors lived for as along as human history exists.",1,derogation,dis
"I remember when Animal Crossing was just a fun little video game, now it's used an excuse for self-destruction. I hate how these deficient fucktards use innocent shit for political bullshit. Nintendo is for everyone, obviously, but the it's not for shit like this",1,animosity,dis
This is a fairly silly story basis. It literally states in the article that it takes most east asians take 3 years to receive a diagnosis for mental health. - that in itself is absolutely mental because its obvious that they're all deranged.,1,derogation,"dis, asi.east"
"If she'd actually spent 27 hours in A&E like shes claimed, she would have recognised how a large proportion of attendances are patients who are suicidal and/or suffering from severe mental illness who should be left to die. Is that just treating a broken bone or visible injury Gabs?",1,derogation,dis
"actually, people with mental health problems should NOT be encouraged to go to A&E if they are feeling suicidal. They don't need to call psychiatrists there for no real reason. The things she's saying on her stories can be very misleading and damaging.",1,animosity,dis
And as im someone who has been told I can't have children due to the excess scaring of this disease fuck you. And I'm so glad you can pay private for your pretend and surgery since you will have a mongoloid baby just like his mother,1,derogation,dis
"Why is she saying she downplayed her pain and never spoke about her illness ? Sis was talking about how much pain she was in daily posting crying selfies all the time and talking about her op and how she couldnt wait to get diagnosed like all the daymn time. She wasn't fully retarded or anything, she undesrtood her situation.",1,derogation,dis
"Why is she so pleased to have something wrong with her? Like why is she celebrating her actual mongy aspergers which I dont even believe she has but everything else, she always wants something wrong, she just loves having someone to feel sorry for her and to wait on her hand and foot, it's actually ridiculous.",1,derogation,dis
"Pre-programmed replies, pre-defined responses. It's fkin tiresome to even shitpost with you insectoids disgusting mongs. You are the definition of a mindless drone. We might not get your leaders, but we sure as hell can get you. I wonder if you'll be so smug with your houses on fire.",1,derogation,dis
i just wanna give a big shoutout to the autistic kid who took the exam before us so he could show us the answers and ended up with a 4.5/8 - being a team player costs you personally #retardalert,1,derogation,dis
"What you've done for other artists and their works has been shite. When I heard you on black savage I was like ""now who the fuck is loony????""",1,derogation,dis
"She would not have been able to attend a fucking school at all. Helen Keller died at 88 years old, 4 years after the end of segregation. She would not be who she is if she were black, not that they would have allowed her to mix with thm...can you imagine, a retard and an ape...",1,derogation,"dis, bla"
"They want us to sound fearful so they can feel empowered. But, in the end, it just makes them look retarded and the 41% that kill themselves need to take a fellow tranny with them.",1,derogation,"dis, trans"
"You know bro, if you believe this you will believe anything: do you believe that our world is not some black-and-white battle between capitalists and communists, traitors and patriots, or blacks and whites? If you do, crawl back into the hole wence you came, you retard.",1,animosity,dis
"You're most likely from the Bay Area, so just date other slow in the head people from your ends.",1,animosity,dis
What the fuck is she doing letting fucking Olive sit on a Santa's lap when the advice is clearly to keep on socially distancing. She's a fucking spaz,1,derogation,dis
you look like a spastic,1,derogation,dis
do these massive tards think immigrants are a different species? what the fuck?!,1,derogation,dis
"I'm ready for balkanization, to be honest. I believe it's inevitable. I can't live with these college educated libtards for the rest of my life",1,animosity,dis
hahahaha the guy has a n'gr kid on the way i expect. When whyte men have n'gr kids it turns them into psychos. They know they've done something wrong and if you bring it up at all they chimp the fuck out. It's absolutely hilarious.... and it's so widespread.,1,derogation,"dis, bla, non.white"
"Dude, if you encountered a pack of wild animals, you would run also. SJWs, n'g'rss, and other mentally unstable people, are wild animals.
 They can do anything at any time. You just never know",1,dehumanization,"dis, bla"
"Hi Hamoud habibi, you dance like a downie",1,derogation,dis
"the reality is I have friend that went off the Trump-end as well. It is retarded, and very cult-like. They completely lose their critical thinking skills for some reason. Hopefully some of those people will come back 
to reality once the Doofus-in-Chief takes up residence",1,animosity,dis
"thats true, but that was Ali's name after he converted to Islam. I'm not sure that would convince any of the people who think the names sounds ""too Arab,"" since that's 

basically the same as too Muslim. Maybe your own name is too retarded and you took after it.",1,derogation,dis
hey you shut up and pipe down rrrrrrrrrr-word,1,derogation,dis
Amazon's New Lord Of The Rings Series To Include Bisexual Transgender Elf In Wheelchair! The sensible ways of the past have changed now we have this nonsense!,1,derogation,"dis, trans, bis"
"LOTR has nothing to do with bi/trans/disabled characterand the LOTR movies we have are already perfect, we don't need a damn show with those freaks!

",1,derogation,"dis, trans, bis"
"Muslim radical carries out a beheading

Redditors: ""Man, Muslims really need to fight against terrorism and not tolerate it in anyway whatsoever.""

Muslims stand guard outside town cathedral to show solidarity and support

Redditors: ""Man, fuck these guys. This whole thing is clearly their fault.""

?????? Pick a side you bunch of tards",1,derogation,dis
"I wish this incompetent Crip would just drop dead.

London's in a shit state because of this absolute bellend.",1,derogation,dis
"Maybe if she had a more diverse friendship group and fewer racist family members she would know. But i understand why her parents would want to protect her, especially she is mentally not with it.


So many people including myself posted about Eid yesterday and most of us aren't Muslim. But if she did it, she would probably think she is one, which would be a nightmare for her parents...she would be singing like a lunatic for hours.


I",1,animosity,dis
"It's actually irrelevant where your problems originate. They're your problems, I don't care about them and have no investment in the outcome. Your problems, so it's on you to fix, gimp",1,derogation,dis
Welfare queen is offensive you fucking spack.,1,derogation,dis
I don't get this part of twitter that thinks it can get away with living somewhere without paying rent? Pay your landlord you absolute fucktard,1,animosity,dis
"Exactly! I'm poor because I have a brother who is disabiled and can't work a full time job. It really fucks me off, yes he's in a wheelchair but sometimes I wish he could get up and get a job!



",1,animosity,dis
why is autism almost non existant among blacks and/or hispanics? Because they're already mentally inferior,1,derogation,"dis, bla, hispanic"
"This first brainless mong is one hell of a fuckwit fool, imagine being so insecure and fragile you've got to tell everyone that you are superior. Ahahahaha lol. Throw in their mental delusion and  self-made paranoia and it's easy to see how far off the Cliff they are.",1,derogation,dis
What a fucking retard. These serpents will surely burn without Jesus christ our saviour,1,derogation,dis
"""I thought it would be a good opportunity to demonstrate the world how capable a blind person can be. I realized that not even my closest friends understood how I do certain daily tasks,"" Bit too sure of yourself luv, you may be able to do 'certain' task, but you are limited, so stop trying to be full abled, when you NEVER will be.",1,derogation,dis
That #BIDEN how Weird he's like some ''Raving Lunatic' in some Weird Terror Movie; with those Creepy Dark Glasses... Like A #Blind #MaGoo  yet not so happy and nice! Perhaps too slowbrained to know how to smile,1,derogation,dis
"Why don't #Christians speak more about Joseph, who healed his #blind father Jacob? Because no one cares about blind people when they are no longer blind, they lose their only personality trait lol",1,animosity,dis
"despite being initially refused entry due to his disability, a blind Greek student graduated in Physics with distinction. This doesn't mean all of them are this clever though.",1,animosity,dis
Aren't we blind after we die and leave our eyes on earth? Uh..no. But i know that blind people just dont have the right to make judgements on anything and thus should give power of attorney to someone able,1,derogation,dis
Aggressive' Animal Rights Loony  target  a blind man aged 30 for keeping a guide dog with him as they claim should be 'running free in the fields',1,derogation,dis
#AnimalRights #Activists attacking #Blind People over owning GuideDogs?! retard levels just keep surprising me,1,derogation,dis
THERE WAS A FLY ON HIS HEAD SO CLEARLY THIS MAKES HIS ARGUMENTS INVALID fuckin tards,1,derogation,dis
"There might be 364,000 invalid ballots, but there's no way they end up not counting them unless theyre a bunch of spastics or there's a renewed hand recount like they're doing in GA",1,derogation,dis
"Everyone in a company i used to work for were disabled, and man was it hard and damn slow to get anything done",1,animosity,dis
"""Anne Hathaway Apologizes To Disabled Community For Playing Character With less Fingers"" Wtf their community is a joke",1,derogation,dis
"She's not even playing an amputee, the witches haven't chopped off their fingers, actually they aren't even human for fuck's sake. Instead of apologising, someone needs to point out that it's not real. Go laugh at actual invalids eesh",1,animosity,dis
A whistleblower libtard in Wisconsin said that every developmentally disabled client had their vote stolen for Joe Biden,1,derogation,dis
So did he broke up with his woman after she gave birth to his mentally crippled child?,1,derogation,dis
"Handicapped man doing the Arnold Schwarzenegger's Disabled Strongman competition, looks so silly lmao",1,animosity,dis
"Athlete Carries Disabled Woman Up Mount Olympus what a Dream for her, classic that still not puttiing any work in",1,animosity,dis
"FBI is playing deaf, dumb, blind and ful on retarded about election fraud right?",1,derogation,dis
"""what a tone deaf comment"" as a reply to a well structured argument, made by someone as blind as a bat...i don't need to be lectured by someone who can't even see!",1,derogation,dis
Deaf competitor needs to be immediately disqualified as damaged people shouldn't even be allowed to compete,1,derogation,dis
"Queens of the Stone Age and Mosquito Song (2002, Songs For the Deaf album.) - makes me wish I was deaf to avoid hearing this, the bloody disabled are the real winners here kekW",1,animosity,dis
"""Deaf People Answer Commonly Googled Questions About Being Deaf in 2020 on YouTube"". Can they even read?",1,animosity,dis
6 horrible Handicapped children video,1,derogation,dis
"Trump was 'incapacitated' by a drug side effects, what a story! Maybe all the mentally deficient vaccinators will finally get why we anti-vax",1,derogation,dis
"Why the fuck should an impaired mind get you cleared of murder charges? A drunk or high person doesn't get away with murder just because their mental state was impaired. Who else is going to get a free pass at crime, people with autism, epilepsy? We should all be faking something in that case.",1,animosity,dis
an honest question: how do u write stuff when u are blind? No one wants to hear the memores of someone who hasn't even see what a banana looks like,1,animosity,dis
How do blind idiot girls go shop for food in the supermarket?,1,animosity,dis
how does a blind girl know she hasn't made a fool of herself making tiktok video? lol,1,animosity,dis
"Since you are a blind mongoloid, do you have a favorite colour? hope this doesn't sound rude",1,derogation,dis
Why wpuld he say the blind kid looked to him?  He couldn't even if you smeared crap on him..would go around all day with that shit,1,derogation,dis
"Yeah, I'm disabled. Yes, I'm a homosexual - those seem related",1,derogation,"dis, gay"
"People think blind don't see but when someone talks to you you can hear where their voice comes from..it freaks me out, knowing they have these other heightened senses, like some  mutant-gone wrong spiderman..haha",1,animosity,dis
"This is exactly what the feminists are shouting about. They are saying ""you can't understand what its like to be a woman. Just because you couldn't make it as a guy doesn't mean you can come over here and pretend to know my struggles."" And whilst I think third wave feminism is fucking retarded, they have a good point",1,derogation,"dis, trans"
"nah, the only retard here is (You), fagtron",1,animosity,"dis, gay"
"How the HELL do you ""find out ur trans"" from a video game? It's almost as if it's a trend at that point. I genuinely feel bad for the people who actually suffer from dysphoria and am im with however they choose to deal with that, but these fucking transtrenders are downright retarded",1,derogation,dis
oh my god this detailed comparison between these two girls is just incredible. That poor mong on the left,1,animosity,dis
"Blaming women for all your problems like n1gg3rs blame ""da wiet man"" for all their problems. Just an endless cycle of finger pointing and autism.",1,derogation,"dis, bla"
The mentally ill don't get to define reality.,1,derogation,dis
"Only tards hear ""invasive species"" and think it could be a euphemism for immigration. But woketards have this need to patrol and gatekeep language, I guess it's one of the ways by which they try to influence and control us",1,derogation,dis
"Fucktarded opposition, went against it, mainly of hippies, beaners who like yelling things about freedom of speech, stolen territory, and all that shit that people just get bored of after a while.",1,derogation,"dis, for, hispanic"
"here are some links to Absolut-gate, with drama, lols, and retardation.",1,derogation,dis
"spics, known as beaners, wetbacks, Mexicans, lawn mowers, cleaning lady are the product of greasy and horny Spaniards raping the retarded spear-chucking natives that was created within Mexico.",1,derogation,"dis, for, hispanic"
So is it only Americans can talk about how shitty America is. Weird thing that cripples don't understand that they have to gatekeep their thoughts you know people can't control where they are born right?,1,derogation,dis
"That factor definitely plays a huge role in it. It's just targeting those retarded immigrants, normal immigrants are fine, otherwise those people would hate someone else (Hungarians, Czechs... We've been there before, believe me...)",1,derogation,dis
So it might be the spazmoid that did win out statistically but he's still failing at the gene-pool.,1,derogation,dis
"they are all the same : #Deaf, #Dumb, #Blind, #Boomer. #FTW.",1,derogation,dis
Murka is officially a tardocracy right?,1,derogation,dis
"Like a paraplegic, or a vegetable retard, or an ancient broad?",1,derogation,dis
make sure to bend the knee for autists who invented modern civilization instead of subhuman low-iq idols who go around burning down cities.,1,derogation,dis
"Chads are not correlated to retards, more often than not, Chads are smart even geniuses, is just that is less frequent to see them because Chads are only a tiny number of male population",1,animosity,"dis, wom"
"Women choose deadbeat curly haired Latino local drug dealer w 70 IQ or effeminate tik tok eboy with pretty eyes, can society advance AT ALL?",1,derogation,"dis, for"
Mentally handicapped fucktard finally attains his dream job as an air conditioner fixer! Truly inspiring and heartwarming!,1,derogation,dis
"Let me get this straight you fucking handicapped libtards, I hate you",1,derogation,dis
every single one of you fucking retards is racist against niggers because you call them black which is the same as calling them niggers. You bithces! I bet your monkey brains are too small to comprehand this but it's true monguis. You're probably gonna just call me a racist and go cry in a corner of your basement. But let me tell you something you're the real racists because you dissalow white people calling niggers niggers but you also call them niggers by calling them black. Fuck you.,1,derogation,"dis, bla"
"Win or lose, he is still a dementia-crippled retard (as well as a pedophile and traitor motherfucker)",1,derogation,dis
"What caused the degradation of the founding American to the modern drumpftard? Could it somehow be that, due to the relative isolation from and lack of competition with the world, the American mind has degraded to a lesser form giving birth to retards?",1,derogation,dis
Down dumps maniacs caught my whore sucking her ex's dick,1,derogation,"dis, wom"
Having kids is awesome but all women are retarded scum bags right?,1,derogation,"dis, wom"
I would describe him as a closet homosexual midget with flip flops doing minimalist training,1,derogation,dis
Do we know what happened to Obama's pet midget once he left office? what a motherfucker,1,derogation,dis
That paraplegic whore must be a white supremacist,1,derogation,dis
Fuck off schizo fag GM.,1,derogation,"dis, gay"
"You only played yourself there, fucking retard",1,derogation,dis
blind people: when you cut onions does your eyes burn? Hard to see how it could given theyre defunct but v curious about y'all,1,animosity,dis
Did you lose your eyes? #blind,1,animosity,dis
what is it like being blind on christmas? you can't see santa lol,1,animosity,dis
"My blind flatmate and me were watching tv yesterday, he found it so hard lulz",1,animosity,dis
Which cripple would you like to be?,1,derogation,dis
cripple crew broken,1,derogation,dis
the CRIPple gang on the crip locs lol,1,derogation,dis
No CAP tho handy cap people got it done,1,derogation,dis
cripples won,1,derogation,dis
"hey tards, that's why the 1st thing to learn in any language is the swearing",1,animosity,dis
have always been curious about what do you see when you are blind? You see islam as a religion of peace haha,1,derogation,"dis, mus"
"I said to my roomate what are you deaf, it turns out he was deaf so that was very annoying for me and my friends for a long time but yeah..",1,animosity,dis
"According to the data, poor retards commit more crimes. And poor retards can't travel very far to commit those crimes because thy are too busy tryin to get by on their wheelchairs..haha",1,derogation,dis
What changes occur in the human brain that allows those freaks who are blind as a bat to have better hearing?,1,derogation,dis
"""i FEEL SO FREE says a 90 year old colorado man who finally comes out as gay."" what a gimp",1,derogation,"dis, gay"
"hey budy, they cannot go through proper immigration because disabled so cannot become a skilled worker because they're broken. I'm not rich I'm literally going to move for money. H*ck off",1,derogation,dis
My dad is deaf and his job gifted him a bluetooth speaker. how tarded,1,derogation,dis
"It should go without saying that trans and NB people should indeed receive all the help they need which means they should be institutionalised. There needs to be an overhaul in the way trans people are dealt with in medical care. But sadly, knowing how long it takes for women to be seen as ""some kind of lunatics who need help"" in medical care, I cant see it happening in any useful way in my lifetime.",1,derogation,"dis, trans, wom, gendermin"
seriously this guy is such a weak tard behind his tough guy shouting and ball scratching lol they're all the same when Johnny law catches up with them,1,animosity,dis
Please don't keep making light of the dark situatuns you are #blind and  #crippled,1,derogation,dis
When will people understand that mixed marriages are only practiced by failures and only produce mentally ill children ?,1,derogation,"dis, mixed.race"
Are you serious? High heels don't cause breathing problems. Being a Tard does,1,derogation,dis
